Master,Name,Center,Ordinary trash,"Empty cans, PET bottles",Empty bottles,Used batteries,Mixed paper,Plastic films of containers,Small metal articles,Oversized waste
1,Asada,Nanbu Waste Collection Office,Mon Thu,Tue,Tue,Tue,Fri,Sat,Wed2 Wed4,Wed2 Wed4
1,Asanocho,Nanbu Waste Collection Office,Tue Fri,Sat,Sat,Sat,Thu,Wed,Thu1 Thu3,Thu1 Thu3
1,Asahicho,Kawasaki Waste Collection Office,Mon Thu,Tue,Tue,Tue,Sat,Fri,Tue1 Tue3,Tue1 Tue3
1,Ikegami-shincho,Nanbu Waste Collection Office,Tue Fri,Mon,Mon,Mon,Wed,Thu,Mon2 Mon4,Mon2 Mon4
1,Ikegamicho,Nanbu Waste Collection Office,Tue Fri,Mon,Mon,Mon,Wed,Thu,Fri1 Fri3,Fri1 Fri3
1,Ikeda,Kawasaki Waste Collection Office,Tue Fri,Mon,Mon,Mon,Thu,Wed,Mon1 Mon3,Mon1 Mon3
1,Isago,Kawasaki Waste Collection Office,Mon Thu,Tue,Tue,Tue,Sat,Fri,Wed1 Wed3,Wed1 Wed3
1,Isecho,Nanbu Waste Collection Office,Wed Sat,Thu,Thu,Thu,Tue,Mon,Tue2 Tue4,Tue2 Tue4
1,Ukishimacho,Nanbu Waste Collection Office,Wed Sat,Fri,Fri,Fri,Mon,Tue,Fri2 Fri4,Fri2 Fri4
1,Egawa,Nanbu Waste Collection Office,Wed Sat,Fri,Fri,Fri,Mon,Tue,Thu2 Thu4,Thu2 Thu4
1,Ekimae-honcho,Kawasaki Waste Collection Office,Mon Thu,Tue,Tue,Tue,Sat,Fri,Wed1 Wed3,Wed1 Wed3
1,Enokicho,Kawasaki Waste Collection Office,Mon Thu,Tue,Tue,Tue,Sat,Fri,Tue1 Tue3,Tue1 Tue3
1,Oiwakecho,Nanbu Waste Collection Office,Tue Fri,Sat,Sat,Sat,Thu,Wed,Wed1 Wed3,Wed1 Wed3
1,Ogimachi,Nanbu Waste Collection Office,Tue Fri,Sat,Sat,Sat,Thu,Wed,Thu1 Thu3,Thu1 Thu3
1,Okawacho,Nanbu Waste Collection Office,Mon Thu,Tue,Tue,Tue,Fri,Sat,Wed2 Wed4,Wed2 Wed4
1,Oshima 1chome,Nanbu Waste Collection Office,Mon Thu,Wed,Wed,Wed,Sat,Fri,Fri2 Fri4,Fri2 Fri4
1,Oshima 2chome,Nanbu Waste Collection Office,Tue Fri,Sat,Sat,Sat,Thu,Wed,Fri2 Fri4,Fri2 Fri4
1,Oshima 3chome（1～17、21～32、36、37）,Nanbu Waste Collection Office,Tue Fri,Sat,Sat,Sat,Thu,Wed,Fri2 Fri4,Fri2 Fri4
1,Oshima 3chome（18～20、33～35、38）,Nanbu Waste Collection Office,Tue Fri,Mon,Mon,Mon,Wed,Thu,Fri2 Fri4,Fri2 Fri4
1,Oshima 4chome（1～4、14～23）,Nanbu Waste Collection Office,Tue Fri,Sat,Sat,Sat,Thu,Wed,Thu2 Thu4,Thu2 Thu4
1,Oshima 4chome（5～13）,Nanbu Waste Collection Office,Wed Sat,Thu,Thu,Thu,Tue,Mon,Thu2 Thu4,Thu2 Thu4
1,Oshima 5chome（1～10、16～31）,Nanbu Waste Collection Office,Tue Fri,Sat,Sat,Sat,Thu,Wed,Thu2 Thu4,Thu2 Thu4
1,Oshima 5chome（11～15）,Nanbu Waste Collection Office,Wed Sat,Thu,Thu,Thu,Tue,Mon,Thu2 Thu4,Thu2 Thu4
1,Oshima-kamicho,Nanbu Waste Collection Office,Mon Thu,Wed,Wed,Wed,Sat,Fri,Fri2 Fri4,Fri2 Fri4
1,Ogawacho,Kawasaki Waste Collection Office,Tue Fri,Mon,Mon,Mon,Thu,Wed,Mon1 Mon3,Mon1 Mon3
1,Oda1・2・4chome,Nanbu Waste Collection Office,Mon Thu,Tue,Tue,Tue,Fri,Sat,Mon2 Mon4,Mon2 Mon4
1,Oda3・5・6・7chome,Nanbu Waste Collection Office,Mon Thu,Tue,Tue,Tue,Fri,Sat,Tue2 Tue4,Tue2 Tue4
1,Oda-sakae,Nanbu Waste Collection Office,Mon Thu,Wed,Wed,Wed,Sat,Fri,Tue1 Tue3,Tue1 Tue3
1,Kaiduka,Kawasaki Waste Collection Office,Mon Thu,Tue,Tue,Tue,Sat,Fri,Tue1 Tue3,Tue1 Tue3
1,Kawanakajima,Nanbu Waste Collection Office,Wed Sat,Thu,Thu,Thu,Tue,Mon,Tue1 Tue3,Tue1 Tue3
1,Kannon,Nanbu Waste Collection Office,Tue Fri,Mon,Mon,Mon,Wed,Thu,Tue2 Tue4,Tue2 Tue4
1,Kyomachi 1・2chome,Kawasaki Waste Collection Office,Tue Fri,Mon,Mon,Mon,Thu,Wed,Mon1 Mon3,Mon1 Mon3
1,Kyomachi 3chome,Nanbu Waste Collection Office,Mon Thu,Tue,Tue,Tue,Fri,Sat,Wed2 Wed4,Wed2 Wed4
1,Kokan-dori 1～3chome,Nanbu Waste Collection Office,Tue Fri,Sat,Sat,Sat,Thu,Wed,Wed1 Wed3,Wed1 Wed3
1,Kokan-dori 4・5chome,Nanbu Waste Collection Office,Mon Thu,Wed,Wed,Wed,Sat,Fri,Wed1 Wed3,Wed1 Wed3
1,Kojimacho,Nanbu Waste Collection Office,Wed Sat,Fri,Fri,Fri,Mon,Tue,Fri2 Fri4,Fri2 Fri4
1,Sakaimachi,Kawasaki Waste Collection Office,Mon Thu,Tue,Tue,Tue,Sat,Fri,Tue1 Tue3,Tue1 Tue3
1,Sakuramoto,Nanbu Waste Collection Office,Tue Fri,Mon,Mon,Mon,Wed,Thu,Fri1 Fri3,Fri1 Fri3
1,Shiohama 1・4chome,Nanbu Waste Collection Office,Wed Sat,Fri,Fri,Fri,Mon,Tue,Fri2 Fri4,Fri2 Fri4
1,Shiohama 2・3chome,Nanbu Waste Collection Office,Tue Fri,Mon,Mon,Mon,Wed,Thu,Fri2 Fri4,Fri2 Fri4
1,Shimo-namiki,Kawasaki Waste Collection Office,Tue Fri,Mon,Mon,Mon,Thu,Wed,Mon1 Mon3,Mon1 Mon3
1,Showa,Nanbu Waste Collection Office,Wed Sat,Fri,Fri,Fri,Mon,Tue,Wed2 Wed4,Wed2 Wed4
1,Shiraichicho,Nanbu Waste Collection Office,Mon Thu,Tue,Tue,Tue,Fri,Sat,Wed2 Wed4,Wed2 Wed4
1,Shinkawa-dori,Kawasaki Waste Collection Office,Mon Thu,Tue,Tue,Tue,Sat,Fri,Tue1 Tue3,Tue1 Tue3
1,Daishi-ekimae 1chome（1～14）,Nanbu Waste Collection Office,Wed Sat,Thu,Thu,Thu,Tue,Mon,Wed1 Wed3,Wed1 Wed3
1,Daishi-ekimae 1chome（15～18）,Nanbu Waste Collection Office,Wed Sat,Fri,Fri,Fri,Mon,Tue,Wed1 Wed3,Wed1 Wed3
1,Daishi-ekimae 2chome,Nanbu Waste Collection Office,Wed Sat,Thu,Thu,Thu,Tue,Mon,Wed1 Wed3,Wed1 Wed3
1,Daishi-gawara,Nanbu Waste Collection Office,Wed Sat,Fri,Fri,Fri,Mon,Tue,Thu1 Thu3,Thu1 Thu3
1,Daishimachi,Nanbu Waste Collection Office,Wed Sat,Thu,Thu,Thu,Tue,Mon,Wed1 Wed3,Wed1 Wed3
1,Daishi-honcho,Nanbu Waste Collection Office,Wed Sat,Fri,Fri,Fri,Mon,Tue,Wed1 Wed3,Wed1 Wed3
1,Daimachi（1～7）,Nanbu Waste Collection Office,Tue Fri,Mon,Mon,Mon,Wed,Thu,Wed1 Wed3,Wed1 Wed3
1,Daimachi（8～26）,Nanbu Waste Collection Office,Wed Sat,Thu,Thu,Thu,Tue,Mon,Wed1 Wed3,Wed1 Wed3
1,Tajimacho,Nanbu Waste Collection Office,Tue Fri,Sat,Sat,Sat,Thu,Wed,Wed1 Wed3,Wed1 Wed3
1,Tanabe-shinden,Nanbu Waste Collection Office,Mon Thu,Tue,Tue,Tue,Fri,Sat,Wed2 Wed4,Wed2 Wed4
1,Tamachi,Nanbu Waste Collection Office,Wed Sat,Fri,Fri,Fri,Mon,Tue,Thu2 Thu4,Thu2 Thu4
1,Chidoricho,Nanbu Waste Collection Office,Wed Sat,Fri,Fri,Fri,Mon,Tue,Fri2 Fri4,Fri2 Fri4
1,Tsutsumine,Kawasaki Waste Collection Office,Tue Fri,Mon,Mon,Mon,Thu,Wed,Mon1 Mon3,Mon1 Mon3
1,Dekino,Nanbu Waste Collection Office,Wed Sat,Fri,Fri,Fri,Mon,Tue,Thu1 Thu3,Thu1 Thu3
1,Tonomachi,Nanbu Waste Collection Office,Wed Sat,Fri,Fri,Fri,Mon,Tue,Thu2 Thu4,Thu2 Thu4
1,Nakajima,Nanbu Waste Collection Office,Wed Sat,Thu,Thu,Thu,Tue,Mon,Thu2 Thu4,Thu2 Thu4
1,Nakaze,Nanbu Waste Collection Office,Wed Sat,Fri,Fri,Fri,Mon,Tue,Thu1 Thu3,Thu1 Thu3
1,Nisshincho,Kawasaki Waste Collection Office,Tue Fri,Mon,Mon,Mon,Thu,Wed,Mon1 Mon3,Mon1 Mon3
1,Hamacho,Nanbu Waste Collection Office,Tue Fri,Sat,Sat,Sat,Thu,Wed,Thu1 Thu3,Thu1 Thu3
1,Higashi-ogishima,Nanbu Waste Collection Office,Tue Fri,Mon,Mon,Mon,Wed,Thu,Fri2 Fri4,Fri2 Fri4
1,Higashidacho,Kawasaki Waste Collection Office,Mon Thu,Tue,Tue,Tue,Sat,Fri,Wed1 Wed3,Wed1 Wed3
1,Higashi-monzen,Nanbu Waste Collection Office,Wed Sat,Fri,Fri,Fri,Mon,Tue,Wed2 Wed4,Wed2 Wed4
1,Hinode,Nanbu Waste Collection Office,Wed Sat,Fri,Fri,Fri,Mon,Tue,Fri2 Fri4,Fri2 Fri4
1,Fujisaki 1・2chome,Nanbu Waste Collection Office,Wed Sat,Thu,Thu,Thu,Tue,Mon,Mon1 Mon3,Mon1 Mon3
1,Fujisaki 3chome（1～7）,Nanbu Waste Collection Office,Tue Fri,Mon,Mon,Mon,Wed,Thu,Mon1 Mon3,Mon1 Mon3
1,Fujisaki 3chome（8～15）,Nanbu Waste Collection Office,Wed Sat,Thu,Thu,Thu,Tue,Mon,Mon1 Mon3,Mon1 Mon3
1,Fujisaki 4chome（1～4、9～16）,Nanbu Waste Collection Office,Tue Fri,Sat,Sat,Sat,Thu,Wed,Mon2 Mon4,Mon2 Mon4
1,Fujisaki 4chome（18～35）,Nanbu Waste Collection Office,Tue Fri,Mon,Mon,Mon,Wed,Thu,Mon2 Mon4,Mon2 Mon4
1,Fujisaki 4chome（5～8、17）,Nanbu Waste Collection Office,Wed Sat,Thu,Thu,Thu,Tue,Mon,Mon2 Mon4,Mon2 Mon4
1,Fujimi,Kawasaki Waste Collection Office,Mon Thu,Tue,Tue,Tue,Sat,Fri,Tue1 Tue3,Tue1 Tue3
1,Horinouchicho,Kawasaki Waste Collection Office,Mon Thu,Tue,Tue,Tue,Sat,Fri,Wed1 Wed3,Wed1 Wed3
1,Honcho,Kawasaki Waste Collection Office,Mon Thu,Tue,Tue,Tue,Sat,Fri,Wed1 Wed3,Wed1 Wed3
1,Mizuecho,Nanbu Waste Collection Office,Tue Fri,Mon,Mon,Mon,Wed,Thu,Fri2 Fri4,Fri2 Fri4
1,Minatocho,Kawasaki Waste Collection Office,Mon Thu,Tue,Tue,Tue,Sat,Fri,Tue1 Tue3,Tue1 Tue3
1,Minamimachi,Kawasaki Waste Collection Office,Tue Fri,Mon,Mon,Mon,Thu,Wed,Mon1 Mon3,Mon1 Mon3
1,Minami-wataridacho,Nanbu Waste Collection Office,Tue Fri,Sat,Sat,Sat,Thu,Wed,Wed1 Wed3,Wed1 Wed3
1,Miyamaecho,Kawasaki Waste Collection Office,Mon Thu,Tue,Tue,Tue,Sat,Fri,Tue1 Tue3,Tue1 Tue3
1,Miyamotocho,Kawasaki Waste Collection Office,Mon Thu,Tue,Tue,Tue,Sat,Fri,Wed1 Wed3,Wed1 Wed3
1,Motogi,Kawasaki Waste Collection Office,Tue Fri,Mon,Mon,Mon,Thu,Wed,Tue1 Tue3,Tue1 Tue3
1,Yako 1chome,Nanbu Waste Collection Office,Wed Sat,Fri,Fri,Fri,Mon,Tue,Fri2 Fri4,Fri2 Fri4
1,Yako 2・3chome,Nanbu Waste Collection Office,Tue Fri,Mon,Mon,Mon,Wed,Thu,Fri2 Fri4,Fri2 Fri4
1,Yotsuya-kamicho（1～7、10～29）,Nanbu Waste Collection Office,Tue Fri,Mon,Mon,Mon,Wed,Thu,Fri1 Fri3,Fri1 Fri3
1,Yotsuya-kamicho（8、9）,Nanbu Waste Collection Office,Wed Sat,Thu,Thu,Thu,Tue,Mon,Fri1 Fri3,Fri1 Fri3
1,Yotsuya-shimocho,Nanbu Waste Collection Office,Tue Fri,Mon,Mon,Mon,Wed,Thu,Fri1 Fri3,Fri1 Fri3
1,Watarida,Nanbu Waste Collection Office,Mon Thu,Wed,Wed,Wed,Sat,Fri,Tue1 Tue3,Tue1 Tue3
1,Watarida-sannocho,Nanbu Waste Collection Office,Mon Thu,Wed,Wed,Wed,Sat,Fri,Mon1 Mon3,Mon1 Mon3
1,Watarida-shincho,Nanbu Waste Collection Office,Mon Thu,Wed,Wed,Wed,Sat,Fri,Mon1 Mon3,Mon1 Mon3
1,Watarida-higashicho,Nanbu Waste Collection Office,Mon Thu,Wed,Wed,Wed,Sat,Fri,Tue1 Tue3,Tue1 Tue3
1,Watarida-mukaicho,Nanbu Waste Collection Office,Mon Thu,Wed,Wed,Wed,Sat,Fri,Mon1 Mon3,Mon1 Mon3
2,Endomachi,Kawasaki Waste Collection Office,Mon Thu,Wed,Wed,Wed,Tue,Sat,Thu1 Thu3,Thu1 Thu3
2,Omiyacho,Kawasaki Waste Collection Office,Tue Fri,Mon,Mon,Mon,Thu,Wed,Wed1 Wed3,Wed1 Wed3
2,Ogura,Kawasaki Waste Collection Office,Tue Fri,Sat,Sat,Sat,Wed,Mon,Fri1 Fri3,Fri1 Fri3
2,Kashimada,Kawasaki Waste Collection Office,Wed Sat,Thu,Thu,Thu,Fri,Tue,Mon2 Mon4,Mon2 Mon4
2,Kawaramachi,Kawasaki Waste Collection Office,Mon Thu,Wed,Wed,Wed,Tue,Sat,Wed1 Wed3,Wed1 Wed3
2,Kawaramachi-danchi1・2・3 goutou,Kawasaki Waste Collection Office,Mon Thu,Wed,Wed,Wed,Tue,Sat,Wed1 Wed3,Wed1 Wed3
2,Kawaramachi-danchi4・5・6・7・8・9 goutou,Kawasaki Waste Collection Office,Tue Fri,Sat,Sat,Sat,Wed,Mon,Wed1 Wed3,Wed1 Wed3
2,Kawaramachi-danchi12・13・14・15 goutou,Kawasaki Waste Collection Office,Wed Sat,Fri,Fri,Fri,Mon,Thu,Wed1 Wed3,Wed1 Wed3
2,Kita-kase,Kawasaki Waste Collection Office,Wed Sat,Thu,Thu,Thu,Fri,Tue,Fri2  Fri4,Fri2  Fri4
2,Komukaicho,Kawasaki Waste Collection Office,Wed Sat,Fri,Fri,Fri,Mon,Thu,Tue2 Tue4,Tue2 Tue4
2,Komukai-nakanocho,Kawasaki Waste Collection Office,Wed Sat,Fri,Fri,Fri,Mon,Thu,Tue2 Tue4,Tue2 Tue4
2,Komukai-nishimachi,Kawasaki Waste Collection Office,Wed Sat,Fri,Fri,Fri,Mon,Thu,Tue2 Tue4,Tue2 Tue4
2,Konyamachi,Kawasaki Waste Collection Office,Mon Thu,Wed,Wed,Wed,Tue,Sat,Thu1 Thu3,Thu1 Thu3
2,Saiwaicho,Kawasaki Waste Collection Office,Mon Thu,Wed,Wed,Wed,Tue,Sat,Thu1 Thu3,Thu1 Thu3
2,Shimo-hirama,Kawasaki Waste Collection Office,Wed Sat,Fri,Fri,Fri,Mon,Thu,Fri2 Fri4,Fri2 Fri4
2,Shin-ogura,Kawasaki Waste Collection Office,Tue Fri,Sat,Sat,Sat,Wed,Mon,Fri1 Fri3,Fri1 Fri3
2,Shin-kawasaki,Kawasaki Waste Collection Office,Wed Sat,Thu,Thu,Thu,Fri,Tue,Fri2 Fri4,Fri2 Fri4
2,Shin-tsukagoshi,Kawasaki Waste Collection Office,Tue Fri,Sat,Sat,Sat,Wed,Mon,Fri2 Fri4,Fri2 Fri4
2,Shinmeicho,Kawasaki Waste Collection Office,Mon Thu,Wed,Wed,Wed,Tue,Sat,Mon2 Mon4,Mon2 Mon4
2,Tsukagoshi,Kawasaki Waste Collection Office,Tue Fri,Sat,Sat,Sat,Wed,Mon,Mon2 Mon4,Mon2 Mon4
2,Tote,Kawasaki Waste Collection Office,Wed Sat,Fri,Fri,Fri,Mon,Thu,Tue2 Tue4,Tue2 Tue4
2,Tote-honmachi,Kawasaki Waste Collection Office,Mon Thu,Wed,Wed,Wed,Tue,Sat,Tue2 Tue4,Tue2 Tue4
2,Naka-saiwaicho,Kawasaki Waste Collection Office,Mon Thu,Wed,Wed,Wed,Tue,Sat,Thu1 Thu3,Thu1 Thu3
2,Higashi-ogura,Kawasaki Waste Collection Office,Tue Fri,Sat,Sat,Sat,Wed,Mon,Fri1 Fri3,Fri1 Fri3
2,Higashi-furuichiba,Kawasaki Waste Collection Office,Wed Sat,Fri,Fri,Fri,Mon,Thu,Wed2 Wed4,Wed2 Wed4
2,Furuichiba,Kawasaki Waste Collection Office,Wed Sat,Fri,Fri,Fri,Mon,Thu,Wed2 Wed4,Wed2 Wed4
2,Furukawamachi,Kawasaki Waste Collection Office,Tue Fri,Sat,Sat,Sat,Wed,Mon,Wed2 Wed4,Wed2 Wed4
2,Horikawacho,Kawasaki Waste Collection Office,Mon Thu,Wed,Wed,Wed,Tue,Sat,Thu1 Thu3,Thu1 Thu3
2,Minami-kase,Kawasaki Waste Collection Office,Wed Sat,Thu,Thu,Thu,Fri,Tue,Thu2 Thu4,Thu2 Thu4
2,Minami-saiwaicho,Kawasaki Waste Collection Office,Mon Thu,Wed,Wed,Wed,Tue,Sat,Thu1 Thu3,Thu1 Thu3
2,Miyakocho,Kawasaki Waste Collection Office,Mon Thu,Wed,Wed,Wed,Tue,Sat,Mon2 Mon4,Mon2 Mon4
2,Yagami,Kawasaki Waste Collection Office,Wed Sat,Thu,Thu,Thu,Fri,Tue,Fri2 Fri4,Fri2 Fri4
2,Yanagicho,Kawasaki Waste Collection Office,Tue Fri,Mon,Mon,Mon,Thu,Wed,Wed1 Wed3,Wed1 Wed3
3,Ida,Nakahara Waste Collection Office,Wed Sat,Fri,Fri,Fri,Mon,Thu,Fri1 Fri3,Fri1 Fri3
3,Ida-sanmaicho,Nakahara Waste Collection Office,Wed Sat,Fri,Fri,Fri,Mon,Thu,Fri1 Fri3,Fri1 Fri3
3,Ida-sugiyamacho,Nakahara Waste Collection Office,Wed Sat,Fri,Fri,Fri,Mon,Thu,Fri1 Fri3,Fri1 Fri3
3,Ida-nakanocho,Nakahara Waste Collection Office,Wed Sat,Fri,Fri,Fri,Mon,Thu,Fri1 Fri3,Fri1 Fri3
3,Ichinotsubo,Nakahara Waste Collection Office,Wed Sat,Mon,Mon,Mon,Tue,Fri,Mon1 Mon3,Mon1 Mon3
3,Imai-kamicho,Nakahara Waste Collection Office,Wed Sat,Mon,Mon,Mon,Tue,Fri,Mon1 Mon3,Mon1 Mon3
3,Imai-nakamachi,Nakahara Waste Collection Office,Wed Sat,Mon,Mon,Mon,Tue,Fri,Mon1 Mon3,Mon1 Mon3
3,Imai-nishicho,Nakahara Waste Collection Office,Wed Sat,Mon,Mon,Mon,Tue,Fri,Mon1 Mon3,Mon1 Mon3
3,Imai-minamicho,Nakahara Waste Collection Office,Wed Sat,Mon,Mon,Mon,Tue,Fri,Mon1 Mon3,Mon1 Mon3
3,Kami-kodanaka,Nakahara Waste Collection Office,Mon Thu,Wed,Wed,Wed,Fri,Tue,Tue2 Tue4,Tue2 Tue4
3,Kami-shinjo,Nakahara Waste Collection Office,Mon Thu,Tue,Tue,Tue,Sat,Wed,Wed2 Wed4,Wed2 Wed4
3,Kami-hirama,Nakahara Waste Collection Office,Tue Fri,Sat,Sat,Sat,Thu,Mon,Fri2 Fri4,Fri2 Fri4
3,Kami-maruko-sannocho,Nakahara Waste Collection Office,Tue Fri,Sat,Sat,Sat,Thu,Mon,Thu1 Thu3,Thu1 Thu3
3,Kami-maruko-tenjincho,Nakahara Waste Collection Office,Tue Fri,Thu,Thu,Thu,Wed,Sat,Wed1 Wed3,Wed1 Wed3
3,Kami-maruko-hachimancho,Nakahara Waste Collection Office,Tue Fri,Sat,Sat,Sat,Thu,Mon,Wed1 Wed3,Wed1 Wed3
3,Kariyado,Nakahara Waste Collection Office,Wed Sat,Mon,Mon,Mon,Tue,Fri,Fri2 Fri4,Fri2 Fri4
3,Kitayacho,Nakahara Waste Collection Office,Tue Fri,Sat,Sat,Sat,Thu,Mon,Fri2 Fri4,Fri2 Fri4
3,Kiduki,Nakahara Waste Collection Office,Wed Sat,Fri,Fri,Fri,Mon,Thu,Thu2 Thu4,Thu2 Thu4
3,Kiduki-isecho,Nakahara Waste Collection Office,Wed Sat,Mon,Mon,Mon,Tue,Fri,Thu2 Thu4,Thu2 Thu4
3,Kiduki-omachi,Nakahara Waste Collection Office,Wed Sat,Fri,Fri,Fri,Mon,Thu,Thu2 Thu4,Thu2 Thu4
3,Kiduki-gioncho,Nakahara Waste Collection Office,Wed Sat,Fri,Fri,Fri,Mon,Thu,Thu2 Thu4,Thu2 Thu4
3,Kiduki-sumiyoshicho,Nakahara Waste Collection Office,Wed Sat,Mon,Mon,Mon,Tue,Fri,Fri2 Fri4,Fri2 Fri4
3,Kosugi-gotencho,Nakahara Waste Collection Office,Tue Fri,Thu,Thu,Thu,Wed,Sat,Tue1 Tue3,Tue1 Tue3
3,Kosugi-jinyacho,Nakahara Waste Collection Office,Tue Fri,Thu,Thu,Thu,Wed,Sat,Tue1 Tue3,Tue1 Tue3
3,Kosugicho,Nakahara Waste Collection Office,Tue Fri,Thu,Thu,Thu,Wed,Sat,Tue1 Tue3,Tue1 Tue3
3,Shimo-kodanaka,Nakahara Waste Collection Office,Mon Thu,Tue,Tue,Tue,Sat,Wed,Mon2 Mon4,Mon2 Mon4
3,Shimo-shinjo,Nakahara Waste Collection Office,Mon Thu,Tue,Tue,Tue,Sat,Wed,Wed2 Wed4,Wed2 Wed4
3,Shimo-numabe,Nakahara Waste Collection Office,Tue Fri,Sat,Sat,Sat,Thu,Mon,Thu1 Thu3,Thu1 Thu3
3,Shinjo,Nakahara Waste Collection Office,Mon Thu,Tue,Tue,Tue,Sat,Wed,Wed2 Wed4,Wed2 Wed4
3,Shinjo-nakacho,Nakahara Waste Collection Office,Mon Thu,Tue,Tue,Tue,Sat,Wed,Wed2 Wed4,Wed2 Wed4
3,Shin-marukomachi,Nakahara Waste Collection Office,Tue Fri,Thu,Thu,Thu,Wed,Sat,Wed1 Wed3,Wed1 Wed3
3,Shin-maruko-higashi,Nakahara Waste Collection Office,Tue Fri,Thu,Thu,Thu,Wed,Sat,Wed1 Wed3,Wed1 Wed3
3,Tajiricho,Nakahara Waste Collection Office,Tue Fri,Sat,Sat,Sat,Thu,Mon,Fri2 Fri4,Fri2 Fri4
3,Todoroki,Nakahara Waste Collection Office,Tue Fri,Thu,Thu,Thu,Wed,Sat,Tue1 Tue3,Tue1 Tue3
3,Naka-maruko,Nakahara Waste Collection Office,Tue Fri,Sat,Sat,Sat,Thu,Mon,Thu1 Thu3,Thu1 Thu3
3,Nishi-kase,Nakahara Waste Collection Office,Wed Sat,Mon,Mon,Mon,Tue,Fri,Fri2 Fri4,Fri2 Fri4
3,Maruko-dori,Nakahara Waste Collection Office,Tue Fri,Thu,Thu,Thu,Wed,Sat,Wed1 Wed3,Wed1 Wed3
3,Miyauchi,Nakahara Waste Collection Office,Mon Thu,Wed,Wed,Wed,Fri,Tue,Wed2 Wed4,Wed2 Wed4
4,Akutsu,Miyamae Waste Collection Office,Wed Sat,Fri,Fri,Fri,Thu,Mon,Thu1 Thu3,Thu1 Thu3
4,Unane,Miyamae Waste Collection Office,Tue Fri,Wed,Wed,Wed,Mon,Thu,Tue1 Tue3,Tue1 Tue3
4,Kajigaya,Miyamae Waste Collection Office,Tue Fri,Wed,Wed,Wed,Mon,Thu,Mon1 Mon3,Mon1 Mon3
4,Kanigaya,Miyamae Waste Collection Office,Wed Sat,Fri,Fri,Fri,Thu,Mon,Thu1 Thu3,Thu1 Thu3
4,Kami-sakunobe,Miyamae Waste Collection Office,Tue Fri,Wed,Wed,Wed,Mon,Thu,Tue1 Tue3,Tue1 Tue3
4,Kitamigata,Miyamae Waste Collection Office,Tue Fri,Thu,Thu,Thu,Sat,Wed,Wed1 Wed3,Wed1 Wed3
4,Kuji,Miyamae Waste Collection Office,Tue Fri,Wed,Wed,Wed,Mon,Thu,Tue1 Tue3,Tue1 Tue3
4,Sakado,Miyamae Waste Collection Office,Tue Fri,Thu,Thu,Thu,Sat,Wed,Mon1 Mon3,Mon1 Mon3
4,Shibokuchi,Miyamae Waste Collection Office,Wed Sat,Fri,Fri,Fri,Thu,Mon,Thu1 Thu3,Thu1 Thu3
4,Shibokuchi-fujimidai,Miyamae Waste Collection Office,Wed Sat,Fri,Fri,Fri,Thu,Mon,Thu1 Thu3,Thu1 Thu3
4,Shimo-sakunobe,Miyamae Waste Collection Office,Tue Fri,Wed,Wed,Wed,Mon,Thu,Tue1 Tue3,Tue1 Tue3
4,Shimonoge,Miyamae Waste Collection Office,Tue Fri,Thu,Thu,Thu,Sat,Wed,Wed1 Wed3,Wed1 Wed3
4,Shinsaku,Miyamae Waste Collection Office,Wed Sat,Fri,Fri,Fri,Thu,Mon,Thu1 Thu3,Thu1 Thu3
4,Suenaga,Miyamae Waste Collection Office,Tue Fri,Thu,Thu,Thu,Sat,Wed,Mon1 Mon3,Mon1 Mon3
4,Suwa,Miyamae Waste Collection Office,Tue Fri,Thu,Thu,Thu,Sat,Wed,Wed1 Wed3,Wed1 Wed3
4,Seta,Miyamae Waste Collection Office,Tue Fri,Thu,Thu,Thu,Sat,Wed,Wed1 Wed3,Wed1 Wed3
4,Chitose,Miyamae Waste Collection Office,Wed Sat,Fri,Fri,Fri,Thu,Mon,Thu1 Thu3,Thu1 Thu3
4,Chitose-Shincho,Miyamae Waste Collection Office,Wed Sat,Fri,Fri,Fri,Thu,Mon,Thu1 Thu3,Thu1 Thu3
4,Nogawa,Miyamae Waste Collection Office,Mon Thu,Tue,Tue,Tue,Wed,Sat,Fri2 Fri4,Fri2 Fri4
4,Hisasue,Miyamae Waste Collection Office,Wed Sat,Fri,Fri,Fri,Thu,Mon,Fri2 Fri4,Fri2 Fri4
4,Hisamoto,Miyamae Waste Collection Office,Tue Fri,Thu,Thu,Thu,Sat,Wed,Mon1 Mon3,Mon1 Mon3
4,Futago,Miyamae Waste Collection Office,Tue Fri,Thu,Thu,Thu,Sat,Wed,Wed1 Wed3,Wed1 Wed3
4,Mizonokuchi,Miyamae Waste Collection Office,Tue Fri,Wed,Wed,Wed,Mon,Thu,Wed1 Wed3,Wed1 Wed3
4,Mukaigaoka,Miyamae Waste Collection Office,Tue Fri,Wed,Wed,Wed,Mon,Thu,Tue1 Tue3,Tue1 Tue3
5,Arima,Miyamae Waste Collection Office,Mon Thu,Tue,Tue,Tue,Wed,Sat,Fri1 Fri3,Fri1 Fri3
5,Inukura,Miyamae Waste Collection Office,Wed Sat,Mon,Mon,Mon,Fri,Tue,Tue2 Tue4,Tue2 Tue4
5,Kajigaya,Miyamae Waste Collection Office,Mon Thu,Tue,Tue,Tue,Wed,Sat,Fri1 Fri3,Fri1 Fri3
5,Keyakidaira,Miyamae Waste Collection Office,Wed Sat,Mon,Mon,Mon,Fri,Tue,Mon2 Mon4,Mon2 Mon4
5,Goshoduka,Miyamae Waste Collection Office,Wed Sat,Mon,Mon,Mon,Fri,Tue,Mon2 Mon4,Mon2 Mon4
5,Kodai,Miyamae Waste Collection Office,Mon Thu,Sat,Sat,Sat,Tue,Fri,Thu2 Thu4,Thu2 Thu4
5,Saginuma,Miyamae Waste Collection Office,Mon Thu,Sat,Sat,Sat,Tue,Fri,Thu2 Thu4,Thu2 Thu4
5,Shiomidai,Miyamae Waste Collection Office,Wed Sat,Mon,Mon,Mon,Fri,Tue,Tue2 Tue4,Tue2 Tue4
5,Shiboku,Miyamae Waste Collection Office,Mon Thu,Sat,Sat,Sat,Tue,Fri,Mon2 Mon4,Mon2 Mon4
5,Shiboku-honcho,Miyamae Waste Collection Office,Wed Sat,Mon,Mon,Mon,Fri,Tue,Mon2 Mon4,Mon2 Mon4
5,Shirahatadai,Miyamae Waste Collection Office,Wed Sat,Mon,Mon,Mon,Fri,Tue,Mon2 Mon4,Mon2 Mon4
5,Sugao,Miyamae Waste Collection Office,Wed Sat,Mon,Mon,Mon,Fri,Tue,Tue2 Tue4,Tue2 Tue4
5,Sugaogaoka,Miyamae Waste Collection Office,Wed Sat,Mon,Mon,Mon,Fri,Tue,Tue2 Tue4,Tue2 Tue4
5,Taira,Miyamae Waste Collection Office,Wed Sat,Mon,Mon,Mon,Fri,Tue,Mon2 Mon4,Mon2 Mon4
5,Tsuchihashi,Miyamae Waste Collection Office,Mon Thu,Sat,Sat,Sat,Tue,Fri,Thu2 Thu4,Thu2 Thu4
5,Nanpeidai,Miyamae Waste Collection Office,Wed Sat,Mon,Mon,Mon,Fri,Tue,Mon2 Mon4,Mon2 Mon4
5,Nogawa,Miyamae Waste Collection Office,Mon Thu,Tue,Tue,Tue,Wed,Sat,Fri2 Fri4,Fri2 Fri4
5,Hatsuyama,Miyamae Waste Collection Office,Wed Sat,Mon,Mon,Mon,Fri,Tue,Tue2 Tue4,Tue2 Tue4
5,Higashi-arima,Miyamae Waste Collection Office,Mon Thu,Tue,Tue,Tue,Wed,Sat,Fri1 Fri3,Fri1 Fri3
5,Maginu,Miyamae Waste Collection Office,Mon Thu,Tue,Tue,Tue,Wed,Sat,Fri1 Fri3,Fri1 Fri3
5,Mizusawa,Miyamae Waste Collection Office,Wed Sat,Mon,Mon,Mon,Fri,Tue,Tue2 Tue4,Tue2 Tue4
5,Miyazaki,Miyamae Waste Collection Office,Mon Thu,Sat,Sat,Sat,Tue,Fri,Wed2 Wed4,Wed2 Wed4
5,Miyamaedaira,Miyamae Waste Collection Office,Mon Thu,Sat,Sat,Sat,Tue,Fri,Wed2 Wed4,Wed2 Wed4
6,Ikuta,Tama Waste Collection Office,Mon Thu,Wed,Wed,Wed,Fri,Sat,Fri1 Fri3,Fri1 Fri3
6,Izumi,Tama Waste Collection Office,Wed Sat,Mon,Mon,Mon,Tue,Thu,Tue1 Tue3,Tue1 Tue3
6,Kuriya,Tama Waste Collection Office,Mon Thu,Wed,Wed,Wed,Fri,Sat,Mon1 Mon3,Mon1 Mon3
6,Shukugawara,Tama Waste Collection Office,Wed Sat,Mon,Mon,Mon,Tue,Thu,Wed1 Wed3,Wed1 Wed3
6,Suge,Tama Waste Collection Office,Mon Thu,Wed,Wed,Wed,Fri,Sat,Thu1 Thu3,Thu1 Thu3
6,Suge-inadadutsumi,Tama Waste Collection Office,Mon Thu,Wed,Wed,Wed,Fri,Sat,Thu1 Thu3,Thu1 Thu3
6,Suge-kitaura,Tama Waste Collection Office,Mon Thu,Wed,Wed,Wed,Fri,Sat,Thu1 Thu3,Thu1 Thu3
6,Suge-shiroshita,Tama Waste Collection Office,Mon Thu,Wed,Wed,Wed,Fri,Sat,Thu1 Thu3,Thu1 Thu3
6,Suge-sengoku,Tama Waste Collection Office,Mon Thu,Wed,Wed,Wed,Fri,Sat,Thu1 Thu3,Thu1 Thu3
6,Suge-notoro,Tama Waste Collection Office,Mon Thu,Wed,Wed,Wed,Fri,Sat,Thu1 Thu3,Thu1 Thu3
6,Suge-banda,Tama Waste Collection Office,Mon Thu,Wed,Wed,Wed,Fri,Sat,Thu1 Thu3,Thu1 Thu3
6,Seki,Tama Waste Collection Office,Wed Sat,Mon,Mon,Mon,Tue,Thu,Wed1 Wed3,Wed1 Wed3
6,Teraodai,Tama Waste Collection Office,Mon Thu,Wed,Wed,Wed,Fri,Sat,Fri1 Fri3,Fri1 Fri3
6,Nagao,Tama Waste Collection Office,Wed Sat,Fri,Fri,Fri,Mon,Tue,Wed1 Wed3,Wed1 Wed3
6,Nagasawa,Tama Waste Collection Office,Mon Thu,Tue,Tue,Tue,Sat,Fri,Mon1 Mon3,Mon1 Mon3
6,Nakanoshima,Tama Waste Collection Office,Wed Sat,Fri,Fri,Fri,Mon,Tue,Tue1 Tue3,Tue1 Tue3
6,Nishi-ikuta,Tama Waste Collection Office,Mon Thu,Tue,Tue,Tue,Sat,Fri,Mon1 Mon3,Mon1 Mon3
6,Noborito,Tama Waste Collection Office,Wed Sat,Mon,Mon,Mon,Tue,Thu,Tue1 Tue3,Tue1 Tue3
6,Noborito-shinmachi,Tama Waste Collection Office,Wed Sat,Mon,Mon,Mon,Tue,Thu,Wed1 Wed3,Wed1 Wed3
6,Higashi-ikuta,Tama Waste Collection Office,Wed Sat,Fri,Fri,Fri,Mon,Tue,Fri1 Fri3,Fri1 Fri3
6,Higashi-mita,Tama Waste Collection Office,Wed Sat,Fri,Fri,Fri,Mon,Tue,Mon1 Mon3,Mon1 Mon3
6,Fuda,Tama Waste Collection Office,Wed Sat,Fri,Fri,Fri,Mon,Tue,Tue1 Tue3,Tue1 Tue3
6,Masugata,Tama Waste Collection Office,Wed Sat,Fri,Fri,Fri,Mon,Tue,Fri1 Fri3,Fri1 Fri3
6,Mita,Tama Waste Collection Office,Wed Sat,Fri,Fri,Fri,Mon,Tue,Mon1 Mon3,Mon1 Mon3
6,Minami-ikuta,Tama Waste Collection Office,Mon Thu,Tue,Tue,Tue,Sat,Fri,Mon1 Mon3,Mon1 Mon3
7,Ozenji,Tama Waste Collection Office,Tue Fri,Sat,Sat,Sat,Thu,Wed,Tue2 Tue4,Tue2 Tue4
7,Ozenji-nishi,Tama Waste Collection Office,Tue Fri,Sat,Sat,Sat,Thu,Wed,Wed2 Wed4,Wed2 Wed4
7,Ozenji-higashi,Tama Waste Collection Office,Tue Fri,Sat,Sat,Sat,Thu,Wed,Tue2 Tue4,Tue2 Tue4
7,Okagami,Tama Waste Collection Office,Tue Fri,Sat,Sat,Sat,Thu,Wed,Tue2 Tue4,Tue2 Tue4
7,Katahira,Tama Waste Collection Office,Tue Fri,Thu,Thu,Thu,Wed,Mon,Thu2 Thu4,Thu2 Thu4
7,Kanahodo,Tama Waste Collection Office,Mon Thu,Tue,Tue,Tue,Sat,Fri,Mon2 Mon4,Mon2 Mon4
7,Kami-asao,Tama Waste Collection Office,Tue Fri,Sat,Sat,Sat,Thu,Wed,Wed2 Wed4,Wed2 Wed4
7,Kuriki,Tama Waste Collection Office,Tue Fri,Thu,Thu,Thu,Wed,Mon,Thu2 Thu4,Thu2 Thu4
7,Kurikidai,Tama Waste Collection Office,Tue Fri,Thu,Thu,Thu,Wed,Mon,Thu2 Thu4,Thu2 Thu4
7,Kurihira,Tama Waste Collection Office,Tue Fri,Thu,Thu,Thu,Wed,Mon,Thu2 Thu4,Thu2 Thu4
7,Kurokawa,Tama Waste Collection Office,Tue Fri,Thu,Thu,Thu,Wed,Mon,Thu2 Thu4,Thu2 Thu4
7,Gorikida,Tama Waste Collection Office,Tue Fri,Thu,Thu,Thu,Wed,Mon,Thu2 Thu4,Thu2 Thu4
7,Shimo-asao,Tama Waste Collection Office,Tue Fri,Sat,Sat,Sat,Thu,Wed,Wed2 Wed4,Wed2 Wed4
7,Shiratori,Tama Waste Collection Office,Tue Fri,Thu,Thu,Thu,Wed,Mon,Thu2 Thu4,Thu2 Thu4
7,Takaishi,Tama Waste Collection Office,Mon Thu,Tue,Tue,Tue,Sat,Fri,Fri2 Fri4,Fri2 Fri4
7,Tamami,Tama Waste Collection Office,Mon Thu,Tue,Tue,Tue,Sat,Fri,Mon2 Mon4,Mon2 Mon4
7,Chiyogaoka,Tama Waste Collection Office,Mon Thu,Tue,Tue,Tue,Sat,Fri,Mon2 Mon4,Mon2 Mon4
7,Nijigaoka,Tama Waste Collection Office,Tue Fri,Sat,Sat,Sat,Thu,Wed,Tue2 Tue4,Tue2 Tue4
7,Hakusan,Tama Waste Collection Office,Tue Fri,Thu,Thu,Thu,Wed,Mon,Tue2 Tue4,Tue2 Tue4
7,Hayano,Tama Waste Collection Office,Tue Fri,Sat,Sat,Sat,Thu,Wed,Tue2 Tue4,Tue2 Tue4
7,Haruhino,Tama Waste Collection Office,Tue Fri,Thu,Thu,Thu,Wed,Mon,Thu2 Thu4,Thu2 Thu4
7,Higashi-yurigaoka,Tama Waste Collection Office,Tue Fri,Thu,Thu,Thu,Wed,Mon,Fri2 Fri4,Fri2 Fri4
7,Furusawa,Tama Waste Collection Office,Tue Fri,Thu,Thu,Thu,Wed,Mon,Mon2 Mon4,Mon2 Mon4
7,Hosoyama,Tama Waste Collection Office,Mon Thu,Tue,Tue,Tue,Sat,Fri,Mon2 Mon4,Mon2 Mon4
7,Manpukuji,Tama Waste Collection Office,Tue Fri,Thu,Thu,Thu,Wed,Mon,Mon2 Mon4,Mon2 Mon4
7,Minami-kurokawa,Tama Waste Collection Office,Tue Fri,Thu,Thu,Thu,Wed,Mon,Thu2 Thu4,Thu2 Thu4
7,Mukaibara,Tama Waste Collection Office,Mon Thu,Tue,Tue,Tue,Sat,Fri,Mon2 Mon4,Mon2 Mon4
7,Yurigaoka,Tama Waste Collection Office,Tue Fri,Thu,Thu,Thu,Wed,Mon,Fri2 Fri4,Fri2 Fri4
